State,Year,NO2 Mean,O3 Mean,SO2 Mean,CO Mean,Year Average
Alabama,2013,0.012065634967741937,0.012098838709677418,0.000771912935483871,0.21187274193548386,0.05920228213709677
Alabama,2014,0.009412271341059599,0.024632635761589406,0.0011976176887417212,0.20614386092715245,0.060346596429635795
Alabama,2015,0.009078580206666662,0.02399996666666667,0.001028069163333333,0.22138960333333343,0.06387405484250003
Alabama,2016,0.009524873194630872,0.028347744966442965,0.000859121288590604,0.21009688590604028,0.06220715633892618
Alaska,2014,0.011658509608938546,0.010306575418994416,0.005955795312849161,0.45523198324022357,0.12078821589525142
Alaska,2015,0.011147825495238094,0.014200752380952376,0.006184455619047614,0.40685846984127,0.10959787583412703
Arizona,2000,0.026492343517045405,0.023663685227272763,0.002297970363636359,0.7460747761363631,0.1996321938110794
Arizona,2001,0.022741468257709268,0.021631868942731298,0.0016740732092511044,0.6524227048458152,0.1746175288138767
Arizona,2002,0.023667800261351044,0.022801819490586923,0.0018822873444075301,0.707596469545958,0.18898709416057588
Arizona,2003,0.023099057885534603,0.022509245283018852,0.0018074476364779814,0.6339044867924523,0.17033005939937093
Arizona,2004,0.020126815505039187,0.0226097110862262,0.0016357470380739046,0.5119184804031359,0.1390726885081188
Arizona,2005,0.02135674226523545,0.023742904432132998,0.001857339219529081,0.6201663843490314,0.16678084256648223
Arizona,2006,0.020832936144466546,0.025206069582504917,0.00169889064214711,0.5577841464546048,0.15138051070593084
Arizona,2007,0.01933187704765622,0.024248746093750016,0.0015279936351562484,0.5106923249999998,0.1389502354441406
Arizona,2008,0.018256082296089417,0.02555710933758982,0.0014664453591380629,0.4274801787709486,0.11818995394094148
Arizona,2009,0.01715495484525659,0.025390199844479017,0.0011850514455676482,0.424618349922239,0.11708713901438557
Arizona,2010,0.01591174787773585,0.02591067849056606,0.0010572230611320729,0.36707811773584875,0.10248944179132069
Arizona,2011,0.016607303527435613,0.026828104143337084,0.0007867001500559914,0.3439127278835396,0.09703370892609207
Arizona,2012,0.017825383705632306,0.0265207704569607,0.0009254900913921352,0.34397345270988344,0.09731127424096715
Arizona,2013,0.015479527667006113,0.027972658859470464,0.0007293351965376788,0.32171011812627476,0.09147290996232225
Arizona,2014,0.01610789703632694,0.02656135721493442,0.000936728934409689,0.4058642946518677,0.11236756945938468
Arizona,2015,0.012698742684055112,0.028145092519685087,0.000597132933070866,0.3569322844488191,0.09959331314640754
Arizona,2016,0.015811195011764697,0.022137347058823524,0.00040799584705882323,0.46871347647058825,0.12676750359705882
Arkansas,2007,0.01078174473351648,0.024740642857142878,0.003170609843406594,0.5909455329670332,0.1574096326002748
Arkansas,2008,0.00899139492896175,0.024889740437158477,0.001766043215846994,0.4454324617486334,0.12026991008265014
Arkansas,2009,0.009146337060273978,0.024487189041095894,0.001738674156164385,0.4249689150684932,0.11508527883150686
Arkansas,2010,0.01000474883749999,0.02764992013888892,0.0013040755368055512,0.456336543055556,0.12382382189218762
Arkansas,2011,0.009982133810958896,0.027461282191780803,0.0013814368931506836,0.448421432876712,0.12181157144315059
Arkansas,2012,0.010571701807113532,0.02788028180574562,0.0013205987770177842,0.4682458536251698,0.12700460900376168
Arkansas,2013,0.009791679257534264,0.025577408219178054,0.0013155533630137,0.3851458657534247,0.10545762664828767
Arkansas,2014,0.00886205075616438,0.023851506849314946,0.0011574839616438327,0.34780512465753427,0.09541904155616436
Arkansas,2015,0.008612832870879116,0.024334931318681315,0.0011253333763736257,0.30612627472527476,0.08504984307280221
Arkansas,2016,0.008661112791208795,0.026009593406593406,0.0006772785054945054,0.32272989010989006,0.08951946870329669
California,2000,0.017580979663830633,0.023675493216831545,0.001730039137387914,0.6475078108760661,0.17262358072352907
California,2001,0.017758503243257673,0.024845459116793814,0.0018229172694746094,0.6254020833781001,0.16745724075190654
California,2002,0.016757113547704573,0.026341616000821667,0.001636501480332761,0.6049189433090268,0.16241354358447146
California,2003,0.015794648601192944,0.02564425672451199,0.001506606395986987,0.5779912134490276,0.15523418129267988
California,2004,0.01514270217027052,0.025996299893654772,0.001841613031194627,0.520203041002007,0.14079591402428174
California,2005,0.013966157755535032,0.025121371309963086,0.0016650311514068456,0.46161012834409415,0.12559067214024977
California,2006,0.014016162019892303,0.02627315808565408,0.0013913322223262463,0.44657589796395686,0.12206413757295737
California,2007,0.013080410197582767,0.026669308945721375,0.0012238582585518513,0.41790475526060566,0.11471958316561541
California,2008,0.01297797296072112,0.02697628031189086,0.0011019225070175306,0.39239913352826594,0.10836382732697386
California,2009,0.012917624975656038,0.02613807906197658,0.0010128628767169176,0.3969994694584004,0.10926700909318748
California,2010,0.012243274501022142,0.02567068226097413,0.0007300730589296495,0.3462044222489453,0.0962121130174678
California,2011,0.012285100108995554,0.02613213199272655,0.0007184886886298051,0.36259082821691185,0.10043163725181595
California,2012,0.0110766702669337,0.026867236829327616,0.0006094327823500829,0.3385978434085888,0.09428779582180005
California,2013,0.011763443991184,0.0260749541345831,0.0004842077710076987,0.356878329204327,0.09880023377527544
California,2014,0.010883757424498378,0.02695714267276792,0.0005024587836442514,0.3457433512847514,0.0960216775414155
California,2015,0.010269494693140367,0.027560055825833072,0.00046727977073704273,0.3344378555096041,0.09318367144982864
California,2016,0.008095971647529076,0.025310642441860466,0.0006134111511627904,0.36129110973837236,0.09882778374473117
Colorado,2000,0.014902468989041098,0.01706601643835617,0.0021136571698630153,0.6150314136986301,0.1622783890739726
Colorado,2001,0.0257834007165109,0.01637624922118379,0.0024244933457943907,0.6305479190031157,0.1687830155716512
Colorado,2002,0.019770056959558822,0.020596411764705894,0.002245816088235294,0.5008158125,0.135857024328125
Colorado,2003,0.02106490587540985,0.019387724590163937,0.0019825515049180322,0.5535508295081969,0.14899650286967217
Colorado,2004,0.02164520825072887,0.01720207288629738,0.001897865790087463,0.6191145364431484,0.16496492084256553
Colorado,2005,0.024169926079922043,0.018813407407407404,0.0019312040272904448,0.6202610643274854,0.16629390046052633
Colorado,2006,0.024644735138629272,0.020494109034267894,0.0020885889158878492,0.5743876386292828,0.15540376792951693
Colorado,2007,0.023835024832137747,0.02169165853658536,0.0019223353012912483,0.5519882195121956,0.1498593095455525
Colorado,2008,0.019069384095890422,0.02562375890410959,0.0018260673315068487,0.4072205616438356,0.11343494299383561
Colorado,2009,0.014230846937499991,0.026782818750000013,0.0013502231468749996,0.3576652218750001,0.10000727767734378
Colorado,2010,0.016169799655660372,0.02295061792452831,0.0010145607735849056,0.36687250471698135,0.10175187076768874
Colorado,2011,0.017521029481132065,0.027857723270440254,0.0014137262955974833,0.33534956918238984,0.09553551205738992
Colorado,2012,0.020328153513909233,0.026305467057100993,0.0013461975300146404,0.373196197657394,0.10529400393960471
Colorado,2013,0.014342691029523784,0.028709088571428516,0.00106459689047619,0.30974190857142836,0.0884645712657142
Colorado,2014,0.016914251364477346,0.027252689176688254,0.0009497864153561504,0.32076028954671687,0.09146925412580965
Colorado,2015,0.02003913501435403,0.024472424880382784,0.0010400522038277503,0.3914162210526312,0.10924195828779894
Colorado,2016,0.023623820286245358,0.020989141263940515,0.001015169342007435,0.45377025278810434,0.12484959592007441
Connecticut,2006,0.017444166465116283,0.026086017441860464,0.0032159060116279062,0.4799303139534881,0.1316691009680232
Connecticut,2007,0.012619994654275095,0.029019812267658013,0.0017632972695167278,0.3169914739776953,0.09009864454228628
Connecticut,2008,0.010536739588353411,0.02607891967871486,0.0012617941224899606,0.34438850803212884,0.09556649035542177
Connecticut,2009,0.01086337633997153,0.02375181223328593,0.0014280734850640113,0.3149504395448072,0.08774842540078218
Connecticut,2010,0.009739028127340817,0.027474275905118552,0.0009676318776529329,0.28065850561797623,0.07970986038202213
Connecticut,2011,0.008539704338664154,0.02897128316086547,0.0009200777638758226,0.2216951571025396,0.06503155559148625
Connecticut,2012,0.007276309031775693,0.030193727102803745,0.000654490879439252,0.2142015130841115,0.06308151002453255
Connecticut,2013,0.007411335839067698,0.03119489900110989,0.000564602779134295,0.20330029189789078,0.06061778237930067
Connecticut,2014,0.007237452216247138,0.030385449656750572,0.0005869753970251719,0.20268545308924446,0.06022383258981684
Connecticut,2015,0.008045103610660489,0.03110335689455387,0.00037682204403244476,0.2161058771726533,0.06390778993047502
Country Of Mexico,2006,0.020451521242841986,0.023011423117709418,0.0015863846977730632,0.8950645217391303,0.2350284626993637
Country Of Mexico,2007,0.02033864072142858,0.022467707142857125,0.0016395332261904766,0.8146219642857142,0.2147669613440476
Country Of Mexico,2008,0.01993821527411168,0.02108624111675126,0.0016933765380710657,0.7870482258883256,0.2074415147043149
Country Of Mexico,2009,0.02295558669090909,0.02217830909090909,0.0059326811636363636,1.065077072727273,0.2790359124181819
Country Of Mexico,2010,0.018591049763231175,0.022187473537604457,0.001960829724233984,0.8092841810584959,0.21300588352089136
Country Of Mexico,2011,0.022386008462264156,0.01684297169811321,0.003601914816037734,0.9192206226415095,0.24051287940448116
Delaware,2011,0.01107123297619049,0.024982753968253956,0.0012425163174603177,0.24717575793650814,0.07111806529960323
Delaware,2012,0.012488382103004285,0.02653523605150213,0.0010230407167381966,0.26655741630901264,0.07665101879506431
Delaware,2013,0.01079212688372093,0.028940674418604647,0.0009178201162790689,0.23947026356589124,0.07003022124612397
Delaware,2014,0.011662559219999995,0.026229789999999996,0.0011364464500000005,0.2547675200000001,0.07344907891750002
Delaware,2015,0.010108152603603603,0.028344837837837845,0.0007674746486486486,0.3014294684684686,0.08516248338963966
Delaware,2016,0.013771055452380948,0.025158940476190477,0.0008438551904761904,0.28443767857142843,0.08105288242261902
District Of Columbia,2000,0.022725717307692312,0.017567395604395606,0.00817217773901099,1.178785615384616,0.3068127265089287
District Of Columbia,2001,0.024474311183381066,0.020935893982808013,0.006700384309455581,1.0779448194842414,0.2825138522399715
District Of Columbia,2002,0.024441035802739736,0.024150441095890374,0.006738691999999997,1.1611508493150682,0.30412025455342456
District Of Columbia,2003,0.022640754349030463,0.01937184764542937,0.008365124235457053,0.8988576426592795,0.2373088422222991
District Of Columbia,2004,0.02095640372527471,0.0194981758241758,0.0065013734065933965,0.6197777170329666,0.16668341749725263
District Of Columbia,2005,0.02083678835911603,0.021643571823204408,0.004509871919889501,0.8515123093922653,0.22462563537361882
District Of Columbia,2006,0.015966559909589045,0.026704019178082176,0.004547241569863012,1.1179629369863018,0.291295189410959
District Of Columbia,2007,0.015339498768545989,0.028567893175074223,0.005047109189910984,1.1996081216617205,0.31214065569881294
District Of Columbia,2008,0.01805779923611111,0.02646769999999998,0.005570731722222219,1.2228164750000008,0.3182281764895835
District Of Columbia,2009,0.018302954069060767,0.023656215469613252,0.004548703052486184,0.8679062790055253,0.22860353789917137
District Of Columbia,2010,0.017643917554945078,0.028239994505494477,0.0033753768571428574,0.8855778873626377,0.23370929407005503
District Of Columbia,2011,0.015928041517241368,0.024555445977011498,0.003599867875862066,0.6702266206896552,0.17857749401494255
District Of Columbia,2012,0.01623560022727274,0.025962012237762247,0.0016786830961538445,0.595432447552448,0.1598271857784092
District Of Columbia,2013,0.011507103134146355,0.02549212652439025,0.001005188356707317,0.3407792911585359,0.09469592729344495
District Of Columbia,2014,0.012302943370023401,0.024595138173302097,0.0011325426370023416,0.3590386744730679,0.09926732466334894
District Of Columbia,2015,0.013236773227272732,0.026698127272727298,0.001288958130303031,0.27269433333333376,0.0784795479909092
District Of Columbia,2016,0.012460649844827585,0.031057155172413795,0.0009886306206896552,0.2563609827586206,0.07521685459913792
Florida,2000,0.012453038323033704,0.026261261235955027,0.001983243971910111,0.7268843679775279,0.19189547787710667
Florida,2001,0.012362754173295453,0.02417337784090908,0.0011545261789772732,0.6402088920454543,0.16947488755965903
Florida,2002,0.011313961369146003,0.023168024793388444,0.0006695066418732784,0.4737055757575757,0.12721426714049586
Florida,2003,0.01092981284254143,0.023416610497237575,0.0006633604640883975,0.4431073011049724,0.11952927122720994
Florida,2004,0.009516472522471904,0.025964044943820236,0.0006542492191011219,0.5225517247191014,0.13967162285112367
Florida,2005,0.008644359509695299,0.02701386703601109,0.0005279383213296393,0.5660768531855955,0.1505657545131579
Florida,2006,0.008519962405479453,0.02919147945205478,0.00039632778082191773,0.39089588767123296,0.10725091432739728
Florida,2007,0.006136312015089165,0.028464311385459514,0.0006673482441700962,0.2854687585733883,0.08018418255452678
Florida,2008,0.005214251262500001,0.027827562499999986,0.0005596426328125004,0.22404787812500007,0.06441233363007814
Florida,2009,0.006027942123563223,0.028474347701149438,0.0001239616063218391,0.3387985344827584,0.09335619647844821
Florida,2010,0.005672489389972142,0.02888202506963788,0.00015113194986072432,0.39486463509749303,0.10739257037674095
Florida,2011,0.005361869504109586,0.02813100821917808,9.946578630136995e-05,0.4345282849315067,0.11703015711027394
Florida,2012,0.005406926177595629,0.02690189617486341,6.115489071038249e-05,0.38386635245901635,0.10405908242554644
Florida,2013,0.004545726870422531,0.0260271661971831,-2.5211738028169004e-05,0.2984957070422536,0.08226084709295776
Florida,2014,0.0049794516055555555,0.026022286111111105,0.00011150281111111114,0.45852593611111153,0.12240979415972232
Florida,2015,0.004109642247863247,0.025707592592592584,3.669347578347579e-05,0.5143764102564105,0.13605758464316245
Florida,2016,0.0054928689560439555,0.029212923076923074,0.0003988014835164837,0.5745394945054945,0.1524110220054945
Georgia,2010,0.016500656434782615,0.016583521739130438,0.0011592508478260868,0.3964716847826085,0.10767877845108692
Georgia,2011,0.013381185286501389,0.022986242424242433,0.0009014650826446274,0.33157815702479365,0.09221176245454553
Georgia,2012,0.01158765788705234,0.0220067961432507,0.0004499816446280992,0.33027547933884305,0.09107997875344355
Georgia,2013,0.009439669561959648,0.019709374639769454,0.0003313421959654182,0.2974941613832853,0.08174363694524496
Georgia,2014,0.010429543384831465,0.020054216292134826,0.0003708036882022473,0.31320289606741614,0.08601436485814618
Georgia,2015,0.00967300324277457,0.019226491329479754,0.00026345294797687914,0.3136160491329481,0.08569474916329482
Georgia,2016,0.011935326111111113,0.019770380952380952,0.0002980542063492064,0.3152400158730158,0.08681094428571427
Hawaii,2011,0.0028884780930232587,0.027060956810631188,0.0009156075681063123,0.31541769269103176,0.08657068379069813
Hawaii,2012,0.0028889670588235195,0.024242895588235305,0.0008842389647058831,0.38390230000000486,0.10297960040294239
Hawaii,2013,0.0031097284420849437,0.028246048262548288,0.0012930204536679545,0.41661739189189184,0.11231654726254825
Hawaii,2014,0.003442757012987016,0.02389969480519482,0.0009988773003246755,0.3366392370129853,0.09124514153287296
Hawaii,2015,0.003564983055716349,0.02376297395079594,0.0010755972185238793,0.3912627916063692,0.10491658645785133
Idaho,2009,0.006337445621621622,0.03415621621621623,0.00023196498648648644,0.14868518918918916,0.047352704003378376
Idaho,2010,0.009400810288088644,0.02642628254847646,0.0003346880720221608,0.18073513019390575,0.05422422777562325
Idaho,2011,0.009925650260869567,0.012998608695652175,0.0007162484782608696,0.2717391304347826,0.0738449094673913
Illinois,2000,0.02643745747727276,0.017104860795454552,0.006099495767045457,0.706236491477272,0.18896957637926118
Illinois,2001,0.02235683982337991,0.020867899618805565,0.005501072278271919,0.5938024498094023,0.16063206538246494
Illinois,2002,0.01985394453703705,0.021769085978835975,0.004202177523809523,0.5932935132275134,0.159779680316799
Illinois,2003,0.020684056693913034,0.020922853913043472,0.005052118909565217,0.5150676173913042,0.14043166172695648
Illinois,2004,0.01881421912351944,0.020636064297800332,0.004147102079526227,0.5795745109983076,0.1557929741247884
Illinois,2005,0.017899080328621912,0.024536261484098956,0.00485952713074205,0.45866541342756223,0.1264900705927563
Illinois,2006,0.017391594790235068,0.02114359674502711,0.0027319841320072344,0.37357455696202535,0.10371043315732369
Illinois,2007,0.01450169262929748,0.023435304185351283,0.001676276607623316,0.3278674521674136,0.09187018139742142
Illinois,2008,0.01408593526932464,0.021669790886899944,0.001593608371847029,0.2765984467046375,0.07848694530817728
Illinois,2009,0.013409543084723132,0.020632052701801233,0.0014558429859906578,0.26663304069379623,0.07553261986657782
Illinois,2010,0.013044004651129936,0.02628309463276835,0.002121935108757062,0.34858314265536744,0.0975080442620057
Illinois,2011,0.012113899931472067,0.02484632233502541,0.002497643974619287,0.34147597461928925,0.0952334602151015
Illinois,2012,0.011954034387878789,0.027684872727272714,0.001126317866666666,0.29630255000000016,0.08426694374545458
Illinois,2013,0.010983754192796605,0.023804485169491536,0.0008925856228813551,0.2928190741525425,0.082124974784428
Illinois,2014,0.01054753269702602,0.024025697026022315,0.0009951139219330854,0.3021041895910778,0.0844181333090148
Illinois,2015,0.008374824237774029,0.02576905733558181,0.0011985707234401356,0.30298716694772376,0.08458240481112994
Illinois,2016,0.010374431642458099,0.025014329608938544,0.0009567464636871505,0.31007915083798865,0.08660616463826812
Indiana,2000,0.015287580371257494,0.029781718562874263,0.007299263514970036,0.8754990119760476,0.23196689360628736
Indiana,2001,0.014947843544943808,0.03215273033707866,0.00327551220786517,0.38313398876404464,0.10837751871348307
Indiana,2002,0.0163927037109375,0.03550572656250001,0.0034927056406250027,0.445247390625,0.12515963163476562
Indiana,2003,0.014522778646067411,0.029897033707865176,0.003374679348314605,0.44320771348314536,0.12275055129634814
Indiana,2004,0.013780555342657342,0.030380405594405586,0.0047264949930069956,0.5664627132867132,0.15383754230419577
Indiana,2005,0.01323063002717392,0.03280651630434785,0.004726219804347825,0.4229393043478259,0.11842566762092388
Indiana,2006,0.013922752137931038,0.024199563218390806,0.00994356021264367,0.6578142241379309,0.1764700249267241
Indiana,2007,0.010950615340909098,0.03188369886363635,0.003414435846590909,0.44973485227272736,0.12399590058096593
Indiana,2008,0.009288780684782613,0.02874951630434782,0.002480403141304349,0.42082826630434805,0.11533674160869571
Indiana,2009,0.010135623790960452,0.025930056497175162,0.0015592056384180787,0.2345159830508474,0.06803521724435027
Indiana,2010,0.009392295469387751,0.029449952380952375,0.0029986348095238104,0.16493008163265302,0.05169274107312924
Indiana,2011,0.009906356070652173,0.033770559782608685,0.001363555358695652,0.05684747826086959,0.025471987368206526
Indiana,2012,0.009840462542483658,0.03576250980392156,0.0008451328431372545,0.40109069934640523,0.11188470113398692
Indiana,2013,0.010357095237603309,0.02849926239669421,0.002183906334710745,0.26931901033057865,0.07758981857489673
Indiana,2014,0.01133361767848101,0.027034701265822775,0.002509264587341772,0.2329289113924053,0.06845162373101271
Indiana,2015,0.013498752174698788,0.026206162650602396,0.0012755106084337347,0.2510151295180723,0.07299888873795181
Indiana,2016,0.013857478082474232,0.02654231958762886,0.00040434398969072167,0.24599013402061853,0.07169856892010308
Iowa,2006,0.008230118,0.016324806451612904,0.000474706741935484,0.20478212903225812,0.05745294005645163
Iowa,2007,0.007358557680306903,0.028938930946291543,0.0005633586291560103,0.2541347033248085,0.07274888764514073
Iowa,2008,0.0074544361764705995,0.027279816176470576,0.0004481026470588236,0.256120397058824,0.072825688014706
Iowa,2009,0.006996748080200491,0.02615857142857142,0.0003350258746867167,0.2405315413533838,0.0685054716842106
Iowa,2010,0.007491377820707067,0.028712535353535337,0.00039678417929292877,0.2513585833333336,0.07198982017171723
Iowa,2011,0.007370355408745246,0.0280168536121673,0.0004989953973384032,0.20853635361216763,0.06110563950760464
Iowa,2012,0.0075794216510791405,0.029344552158273383,0.00043040443525179864,0.21759101798561195,0.06373634905755407
Iowa,2013,0.006766695505050503,0.02833460697887969,0.0004016131267217638,0.20302656749311246,0.05963237077594111
Iowa,2014,0.0063487705364583275,0.02664081597222219,0.00042302867361111094,0.20453614583333246,0.059487190253906023
Iowa,2015,0.006067910473958332,0.02744391753472221,0.0004071127621527769,0.20965393576388752,0.06089321913368021
Iowa,2016,0.005994894780219781,0.030609082417582416,0.00019727761538461557,0.21193610439560512,0.06218433980219798
Kansas,2000,0.009703852443089425,0.02972557723577238,0.0009521257262872626,0.7566922547425466,0.19926845253692393
Kansas,2001,0.010594909158176952,0.027977982573726523,0.001003458478552279,0.3366985764075068,0.09406873165449063
Kansas,2002,0.008772643960099745,0.027315770573566062,0.0015702145012468822,0.39407412967581057,0.10793318967768081
Kansas,2003,0.009623070339901492,0.027759985221674863,0.0018106109852216723,0.3176424170771757,0.08920902090599343
Kansas,2004,0.009540076842349315,0.02433055023183923,0.00210937943122102,0.38298482843894904,0.10474120873608965
Kansas,2005,0.010949590485362091,0.02617121571648691,0.0022251686687211085,0.386229314329738,0.10639382230007703
Kansas,2006,0.011178105495107634,0.027626790606653646,0.0033029245538160434,0.3782410743639926,0.10508722375489249
Kansas,2007,0.01339360327945205,0.02323153698630135,0.0042101103479452034,0.4244584082191783,0.11632341470821922
Kansas,2008,0.01680789221037463,0.022085515850144094,0.004055625423631126,0.4043491729106628,0.11182455159870316
Kansas,2009,0.012271639795321638,0.023496339181286553,0.004662116836257305,0.2976046257309944,0.08450868038596497
Kansas,2010,0.013066675312865506,0.02159838596491227,0.005206644488304091,0.4188260818713455,0.11467444690935684
Kansas,2011,0.013100770259999986,0.021984428571428592,0.003638174174285712,0.4532960800000002,0.12300486325142862
Kansas,2012,0.012063074105571846,0.028827659824046937,0.0028252812961876827,0.5131426862170084,0.13921467536070373
Kansas,2013,0.01185971266558442,0.02520611688311688,0.0020583588084415578,0.43710233441558427,0.11905663069318179
Kansas,2014,0.011030924596590908,0.02518003977272729,0.001777025056818181,0.2655343011363638,0.07588057264062505
Kansas,2015,0.011035437571856281,0.025352637724550906,0.0015591846676646722,0.2863915449101798,0.08108470121856293
Kansas,2016,0.011582273045454545,0.022839818181818183,0.0010975874772727271,0.25196203409090906,0.07187042819886363
Kentucky,2000,0.012660981238130012,0.028916364499634785,0.004770384133674213,0.17834415631848055,0.05617297154747989
Kentucky,2001,0.012547681509615374,0.030232937500000005,0.004072305902884618,0.1316772240384615,0.04463253723774037
Kentucky,2002,0.011074694029259887,0.03202080895008604,0.0029300794888123902,0.13028640963855428,0.04407799802667815
Kentucky,2003,0.01083007030645161,0.032915443548387095,0.0035413172903225785,0.10563956854838714,0.03823159992338711
Kentucky,2013,0.014108201243902435,0.015324060975609758,0.0015201219756097563,0.35146624390243897,0.09560465702439024
Kentucky,2014,0.011460217392638038,0.020485858895705523,0.0014727143312883437,0.2614925889570553,0.0737278448941718
Kentucky,2015,0.007901013989637306,0.0236517823834197,0.0005619281606217615,0.2716255854922282,0.07593507750647674
Louisiana,2000,0.017346074243169383,0.023755950819672127,0.0036644873715847,0.7587754262295086,0.2008854846659837
Louisiana,2001,0.01735923877222224,0.022977722222222205,0.0036944747499999993,0.8279243500000005,0.21798894643611125
Louisiana,2002,0.01799676321739128,0.021032043478260862,0.0026296481681159414,0.7174759304347832,0.18978359632463782
Louisiana,2003,0.015562502252777765,0.020968977777777783,0.0033799934166666656,0.664201577777778,0.17602826280625006
Louisiana,2004,0.015816226016438364,0.022231991780821938,0.0034658194493150662,0.5642378465753427,0.1514379709554795
Louisiana,2005,0.014399629534042556,0.02539037872340425,0.0037753849148936163,0.4724972553191489,0.12901566212287233
Louisiana,2006,0.01499175220716113,0.02296039386189259,0.0034409510895140652,0.37360382097186706,0.1037492295326087
Louisiana,2007,0.01519911691830986,0.022392932394366193,0.0025752886957746443,0.38201340563380287,0.10554518591056339
Louisiana,2008,0.013087885294117642,0.02171054061624649,0.0024172780168067224,0.28282628011204486,0.08001049600980392
Louisiana,2009,0.012875143473684198,0.022424952908587266,0.0019214925512465368,0.22295835457063756,0.0650449858760389
Louisiana,2010,0.012698542830028324,0.025291603399433434,0.0013646060000000002,0.24746790084985845,0.07170566326983005
Louisiana,2011,0.011665706710743802,0.025233942148760343,0.001251853292011019,0.22176262809917374,0.06497853256267222
Louisiana,2012,0.01140054294366198,0.024979115492957765,0.0008349299802816901,0.2194393436619719,0.06416348301971833
Louisiana,2013,0.009644705094444452,0.02365381111111111,0.000641808372222222,0.20463813333333356,0.05964461447777783
Louisiana,2014,0.01048086921148036,0.02333415709969787,0.0012594800785498492,0.26523949244713,0.07507849970921453
Louisiana,2015,0.009380472674931124,0.02353977685950413,0.0010836928595041328,0.2224250771349865,0.06410725488223147
Louisiana,2016,0.012911401631578938,0.026846491228070177,0.0011229644736842099,0.23494315789473655,0.06895600380701747
Maine,2006,0.0023369101724137913,0.02627869655172413,0.0008309399206896563,0.17906238620689677,0.052127233212931084
Maine,2007,0.0028001102273972605,0.026452495890410942,0.0007868269041095892,0.1733734986301372,0.050853232913013746
Maine,2008,0.005859293306451611,0.023858372759856646,0.0012248241129032248,0.16359313799283168,0.04863390704301079
Maine,2009,0.006680511959276019,0.023028466063348442,0.001838705585218704,0.2059198190045253,0.059366875653092115
Maine,2010,0.006162846092006036,0.02620395927601808,0.0009522129562594258,0.2538253288084466,0.07178608678318253
Maine,2011,0.005594337942896936,0.02451635654596101,0.0008254824693593305,0.23291655013927587,0.06596318177437328
Maine,2012,0.006060147150208632,0.024599691237830325,0.0007708741919332404,0.28714459388039004,0.07964382661509056
Maine,2013,0.003910529319838054,0.027154580971659913,0.0008496654048582997,0.22169849190283422,0.06340331689979763
Maine,2014,0.003583531711974111,0.024984126213592237,0.0005410900954692559,0.2129048365695797,0.06050339614765383
Maine,2015,0.005033321642962969,0.024419921481481494,0.0008684475777777777,0.2462495318518519,0.06914280563851853
Maine,2016,0.006556909069930073,0.02819673426573429,0.0003453962937062936,0.30069909090909075,0.08394953263461535
Maryland,2006,0.011530203601226996,0.03315900613496935,0.003940766907975459,0.36085148466257677,0.10237036532668714
Maryland,2007,0.012686387370481939,0.024690582831325317,0.0032186956972891584,0.37880056927710776,0.10484905879405104
Maryland,2008,0.012607999467391308,0.023648802173913037,0.0028220292847826074,0.3844211369565213,0.10587499197065206
Maryland,2009,0.011537441529780566,0.02459554545454545,0.002524482326018807,0.4662792570532914,0.12623418159090904
Maryland,2010,0.013082870791304334,0.028361472463768096,0.002166405371014492,0.39331343478260866,0.1092310458521739
Maryland,2011,0.012948896150159749,0.026296115015974446,0.0020049736581469664,0.30240344089456883,0.0859133564297125
Maryland,2012,0.010183034609011628,0.02561392151162792,0.0011481492819767458,0.2440419258720927,0.07024675781867724
Maryland,2013,0.009740398957664242,0.025451766423357666,0.0009707553459854008,0.22570037664233555,0.06546582434233572
Maryland,2014,0.006951498444108749,0.02802680664652569,0.0010820596747230613,0.1973502437059408,0.058352652117824574
Maryland,2015,0.007421759729292921,0.028051430303030315,0.0009016087020202019,0.2150276737373734,0.0628506181179292
Maryland,2016,0.009200685738805971,0.027408578358208965,0.0007459546791044777,0.25065925373134385,0.07200361812686581
Massachusetts,2001,0.024048433761538448,0.019194230769230766,0.005924173426923075,0.3000868423076921,0.0873134200663461
Massachusetts,2002,0.022544425089211624,0.022287304979253107,0.004584319717842325,0.40121146058091245,0.11265687759180487
Massachusetts,2003,0.022496309909589052,0.019212315068493146,0.006010301808219178,0.620916808219178,0.16715893375136986
Massachusetts,2004,0.016820704006349215,0.020858250793650807,0.003652434136507935,0.19710807301587302,0.05960986548809524
Massachusetts,2005,0.018649079613180523,0.020080340974212026,0.0019744043638968475,0.2729017306590259,0.07840138890257882
Massachusetts,2006,0.01867690043611113,0.017630241666666678,0.0024164893888888885,0.4578121777777779,0.12413395231736114
Massachusetts,2007,0.019697182419889513,0.0185173314917127,0.0031758756077348064,0.36375329005524865,0.10128591989364642
Massachusetts,2008,0.019678690358904124,0.0205133616438356,0.00235093041369863,0.17375957808219172,0.05407564012465752
Massachusetts,2009,0.01804838470914126,0.02112741551246537,0.0021474654432132936,0.28653518559556823,0.08196461281509704
Massachusetts,2010,0.017071956618784526,0.02218419337016575,0.001601100022099447,0.28047954696132626,0.080334199243094
Massachusetts,2011,0.018529944335164843,0.020850771978021973,0.0012634486071428576,0.2884578049450554,0.08227549246634627
Massachusetts,2012,0.01580814152089136,0.020715818941504184,0.001120633261838441,0.27748388022284115,0.07878211848676879
Massachusetts,2013,0.01747634543220338,0.021579115819209033,0.001089475525423728,0.2738551355932205,0.07850001809251417
Massachusetts,2014,0.015571230801242236,0.021383965838509315,0.0010447134285714288,0.27665605590062126,0.07866399149223606
Massachusetts,2015,0.014398738250773995,0.022485863777089797,0.0007338462012383909,0.27296878328173396,0.07764680787770903
Massachusetts,2016,0.0158292733956044,0.023563384615384608,0.0006916385934065935,0.2703682197802198,0.07761312909615385
Michigan,2000,0.02268206501111111,0.023366822222222226,0.005420798816666663,0.2806807944444445,0.08303762012361113
Michigan,2001,0.022779874748299303,0.028067523809523827,0.0054207005646258475,0.39756936054421765,0.11345936491666665
Michigan,2002,0.018171084436260608,0.02853956657223796,0.0034270465297450417,0.36845750141643063,0.10464879973866856
Michigan,2003,0.017560764142029006,0.02721393333333332,0.0030187119217391306,0.4007246434782609,0.1121295132188406
Michigan,2004,0.014568412212827987,0.02590978717201168,0.002404298239067056,0.3566714635568512,0.09988849029518948
Michigan,2005,0.015670814585889575,0.029731098159509195,0.0027153034877300604,0.3271517147239263,0.09381723273926378
Michigan,2006,0.012525178275568177,0.027173420454545447,0.0019184612272727267,0.3170493693181818,0.08966660731889203
Michigan,2007,0.008125,0.021,0.002333333,0.229167,0.06515633325
Minnesota,2011,0.007479718358885019,0.027662439024390254,0.0008907596968641119,0.21037669686411162,0.06160240348606275
Minnesota,2012,0.00670010821818182,0.03485720000000001,0.00041438181818181816,0.17082250909090904,0.05319854978181818
Minnesota,2014,0.00629207650970874,0.02512488834951458,0.0004263535145631068,0.2519984466019414,0.07096044124393194
Minnesota,2015,0.006644940377906978,0.02611215988372095,0.0007202936424418603,0.2835010872093023,0.07924462027834302
Missouri,2000,0.01687274991105954,0.0277608035576179,0.004167004411446245,0.524457889404486,0.14331461182115243
Missouri,2001,0.017213364627539505,0.029485216704288938,0.004294333383747179,0.497951356659142,0.1372360678436794
Missouri,2002,0.017385127199530524,0.028731589201877974,0.004127096577464791,0.5869294460093897,0.15929331474706573
Missouri,2003,0.0165294592074592,0.02880860372960373,0.0036263574149184123,0.5697836200466202,0.15468701009965038
Missouri,2004,0.013870773632558136,0.025585274418604663,0.0034364383906976756,0.5527302395348834,0.14890568149418598
Missouri,2005,0.012615151787878788,0.032609044289044285,0.0031883556783216796,0.4850783146853144,0.1333727166101398
Missouri,2006,0.013149854323943664,0.028702967136150247,0.003311647657276992,0.41821857746478874,0.11584576164553992
Missouri,2007,0.012826106706161142,0.0315637772511848,0.0034468500189573457,0.41674004265402825,0.11614419415758288
Missouri,2008,0.012108717339534883,0.028429948837209288,0.0028180250279069737,0.36104537209302306,0.10110051582441855
Missouri,2013,0.012019273761627909,0.024121720930232557,0.002461507517441861,0.258768011627907,0.07434262845930234
Missouri,2014,0.011834839902506963,0.02508600278551531,0.002137319426183842,0.25474523119777187,0.07345084832799449
Missouri,2015,0.013109978697841739,0.02068346043165468,0.0014016762122302155,0.2688203093525182,0.07600385617356122
Missouri,2016,0.012485846530612245,0.02304571428571429,0.001131471918367347,0.32427069387755103,0.09023343165306123
Nevada,2001,0.005876263130434782,0.030838217391304337,0.00029174540217391303,0.06956517391304348,0.02664284995923913
Nevada,2002,0.0029950511350574716,0.04121669252873564,6.24198275862069e-05,0.04683404022988508,0.0227770509303161
Nevada,2003,0.0023455944277108428,0.04138600602409636,1.4056222891566265e-05,0.0028363433734939756,0.011645500012048187
Nevada,2010,0.0223421667,0.0182294,0.00042712100000000003,0.2979165,0.08472879692499999
Nevada,2011,0.01666588023561644,0.026886372602739714,0.0005171260109589039,0.2968340301369868,0.08522585224657546
Nevada,2012,0.01414734752222223,0.031572188888888894,0.00039006624722222235,0.2574514222222225,0.07589025622013897
Nevada,2013,0.016235530771014493,0.0281168463768116,0.0005156189536231884,0.3057859652173913,0.08766349032971016
Nevada,2014,0.013541735445086715,0.031490459537572235,0.00038768751445086684,0.27523319075144526,0.08016326831213877
Nevada,2015,0.013325411584664534,0.03144636102236423,0.0004053760862619808,0.2694228402555914,0.07864999723722053
Nevada,2016,0.017420815153846164,0.02264116666666667,0.00039213342307692296,0.3229146666666667,0.09084219547756411
New Hampshire,2002,0.00998933605978261,0.030568168478260875,0.0011286126249999994,0.28178701630434794,0.08086828336684786
New Hampshire,2003,0.00936833237356321,0.028951310344827577,0.0013311228678160904,0.3390703850574711,0.0946802876609195
New Hampshire,2004,0.009768453239130438,0.026898423913043482,0.002365539831521737,0.25786579891304334,0.07422455397418475
New Hampshire,2005,0.009146547134328355,0.02630129353233832,0.003013994582089552,0.45978972139303464,0.12456288916044772
New Hampshire,2006,0.00733327681142857,0.02856949142857142,0.0015264942057142854,0.3513913542857143,0.09720515418285713
New Hampshire,2007,0.007621771135869565,0.028604163043478285,0.001247466641304348,0.46086600000000016,0.12458485020516309
New Hampshire,2008,0.007219969087912087,0.02777860439560439,0.0013387009835164837,0.5081300054945055,0.1361168199903846
New Hampshire,2009,0.008226784509363297,0.022270880149812745,0.0014796040711610487,0.37292635205992514,0.10122590519756555
New Hampshire,2010,0.007668570667910444,0.029611966417910432,0.000977155791044776,0.44356711567164153,0.1204562021371268
New Hampshire,2014,0.004442317022988508,0.025634517241379304,0.0009292347816091955,0.19318554022988488,0.05604790231896547
New Hampshire,2015,0.0033202604301675997,0.02995135474860337,0.0008441866284916202,0.18510772905027978,0.05480588271438559
New Hampshire,2016,0.0042942459491525425,0.03165096610169492,0.0008346771186440676,0.21221381355932195,0.06224842568220337
New Jersey,2000,0.020527508513966487,0.02026276815642458,0.0062940390782122895,0.5864525418994417,0.15838421441201128
New Jersey,2001,0.02311823008874461,0.02237570995670997,0.005767514166666661,0.6187833008658011,0.1675111887694806
New Jersey,2002,0.024074683953555862,0.023180811320754714,0.005447029029027572,0.5854570783744553,0.15953990066944834
New Jersey,2003,0.023698987366412225,0.021160725190839693,0.006702616987277349,0.650913933842239,0.17561906584669207
New Jersey,2004,0.019228587991404016,0.02196575931232093,0.005624621083094554,0.5204035386819487,0.14180562676719205
New Jersey,2005,0.019873522436532506,0.023937294117647064,0.0049465848482972115,0.46873946130030936,0.12937421567569654
New Jersey,2006,0.01747592888857938,0.02446434261838441,0.003920988590529248,0.3789418607242339,0.10620078020543174
New Jersey,2007,0.018007826469101117,0.02420299719101125,0.0036751833792134864,0.28814937359550563,0.08350884515870786
New Jersey,2008,0.015715290458955214,0.026259660447761186,0.003288780682835821,0.23879832462686568,0.07101551405410447
New Jersey,2011,0.021035292152298844,0.022285982758620693,0.0019754333505747138,0.3584214597701149,0.10092954200790229
New Jersey,2012,0.015609114326158944,0.025578552980132462,0.0011950152715231807,0.28421312913907276,0.08164895292922184
New Jersey,2013,0.015236753000000014,0.024276122052704574,0.0005511910097087374,0.278664529819695,0.07968214897052707
New Jersey,2014,0.016081269179665753,0.023692694986072436,0.0006017025083565454,0.2794240696378826,0.07994993407799433
New Jersey,2015,0.015023080195918354,0.02457038775510206,0.00030123700000000015,0.2851207782312926,0.08125387079557826
New Mexico,2011,0.013397210440677968,0.032708248587570585,0.00041758405932203397,0.20667062711864426,0.06329841755155372
New Mexico,2012,0.013742087632311968,0.0319654679665738,0.0006620808077994426,0.18521286629526482,0.057895625675487505
New Mexico,2013,0.011774788337988833,0.033043569832402205,0.0008035708016759776,0.21377225139664793,0.06484854509217874
New Mexico,2014,0.011576797132231404,0.030939074380165292,0.0005546323498622594,0.22067040495867773,0.06593522720523418
New Mexico,2015,0.011182752519886372,0.029849920454545473,0.0007007314801136367,0.22973725568181821,0.06786766503409092
New York,2000,0.023152018999999992,0.021247767515923548,0.007197874574309973,0.4646475828025477,0.12906131097319531
New York,2001,0.025036539767793613,0.020928449288256244,0.007818466459074719,0.49620935676156586,0.1374982030691726
New York,2002,0.0239698318362235,0.02201165414258189,0.006852474809248559,0.44348581117533714,0.12407994299084778
New York,2003,0.022887600456104957,0.021149246215943475,0.007459370619576195,0.5318723107971758,0.14584213202220012
New York,2004,0.0208851960848126,0.02111475345167655,0.007012407681459576,0.4381699625246556,0.12179557993565109
New York,2005,0.021330375225269326,0.02262368658178259,0.007361249253672864,0.40164240940254703,0.11323943011581795
New York,2006,0.019236236988085808,0.023703423351866558,0.004716221202541694,0.3213891072279592,0.09226124719261332
New York,2007,0.018541223912418314,0.02301991764705881,0.004982461643137262,0.3682209267973874,0.10369113250000045
New York,2008,0.01670422254999999,0.024348337499999987,0.004561814965277784,0.3167973763888906,0.09060293785104209
New York,2009,0.012976843763190169,0.0252027349693251,0.003362660903680989,0.24147653742331557,0.07075469426487796
New York,2010,0.01298050633359875,0.028120914012738904,0.003052101058121025,0.30495199124204037,0.08727637816162476
New York,2011,0.013096590103200004,0.02591315680000003,0.0025023290407999985,0.27783809039999985,0.07983754158599997
New York,2012,0.018094765563611462,0.02457397674418607,0.002536658103967169,0.3451694199726389,0.0975937050961009
New York,2013,0.017919658737864077,0.024628091539528423,0.0018250993661581155,0.3066892829403596,0.08776553314597754
New York,2014,0.016920592256302512,0.02405309523809523,0.001451086257703082,0.27651253921568547,0.07973432824194657
New York,2015,0.017165993538674037,0.023756726519337017,0.0010211034751381202,0.2630168715469611,0.07624017377002756
New York,2016,0.017847472824267793,0.023971518828451884,0.0010675151673640167,0.29504218828451934,0.08448217377615076
North Carolina,2000,0.015173354588397773,0.03465238950276241,0.0036906562182320436,0.619121671270718,0.16815951789502756
North Carolina,2001,0.013853614300940436,0.03374668025078368,0.003294095664576804,0.540545909090909,0.1478600748268025
North Carolina,2002,0.012265520980176213,0.037135281938326,0.0027593240770925147,0.43474683480176174,0.12172674044933912
North Carolina,2003,0.011955263360544208,0.03072186848072564,0.002907299986394554,0.48694040362811797,0.13313120886394558
North Carolina,2004,0.010630065490430623,0.030785011961722453,0.002383797124401912,0.430942588516747,0.1186853657733255
North Carolina,2005,0.01243363245116279,0.03203882790697675,0.0021721669999999996,0.5193281767441864,0.1414932010255815
North Carolina,2006,0.012285188430555549,0.03240122222222224,0.0026880767592592585,0.40472144444444436,0.11302398296412035
North Carolina,2007,0.013916445365013777,0.029454453168044143,0.0029591417424242377,0.37641415840220416,0.10568604966942158
North Carolina,2008,0.011208203371900824,0.028049355371900814,0.002089669760330579,0.3231171542699724,0.09111609569352615
North Carolina,2009,0.009851958402857143,0.025921465714285753,0.0008160581171428546,0.29441544571428535,0.08275123198714278
North Carolina,2010,0.011689251356741563,0.028404657303370776,0.0009200436376404505,0.32940989606741605,0.09260596209129221
North Carolina,2011,0.009995173922644178,0.02928011251758086,0.0005839653684950789,0.3396209353023915,0.09487004677777791
North Carolina,2012,0.008671511397727262,0.028014240259740326,0.0002434193685064934,0.2806251623376621,0.07938858334090905
North Carolina,2013,0.008482232184659075,0.025435673295454587,0.0002653989914772727,0.2887515965909088,0.08073372526562494
North Carolina,2014,0.007755800159851291,0.026802462205700147,0.00034203616480793075,0.2708962862453527,0.07644914619392802
North Carolina,2015,0.0069457013025568245,0.02678544886363636,0.000281025215909091,0.25966110795454517,0.07341832083416186
North Carolina,2016,0.007471213838297869,0.029335038297872335,0.00024552729787234034,0.24881232340425566,0.07146602570957455
North Dakota,2008,0.00534773616909621,0.024832457725947523,0.00020149639358600578,0.17342246355685143,0.05095103846137029
North Dakota,2009,0.004921614116343489,0.02520029916897506,0.00027662414127423775,0.16611927146814431,0.049129452223684277
North Dakota,2010,0.005418301605479455,0.026455032876712345,0.00029220675890410957,0.17196172602739754,0.05103181681712336
North Dakota,2011,0.004477427017441859,0.025588098837209285,0.0002877105145348834,0.16649958139534907,0.04921320444113377
North Dakota,2012,0.0045819832472527465,0.025031936813186804,0.00023535502747252734,0.17614048351648384,0.05149743965109898
North Dakota,2013,0.004762328991999997,0.029309844000000026,0.00022652364800000008,0.1561864160000002,0.04762127816000005
North Dakota,2014,0.00447711034090909,0.027098136363636352,0.0001645514675324675,0.16172452597402623,0.04836608103652604
North Dakota,2015,0.004299024267477203,0.024690896656534962,0.0001295182006079028,0.17396784194528894,0.05077182026747725
North Dakota,2016,0.0046710099230769225,0.0258676923076923,0.0002563396593406594,0.1929021758241756,0.05592430442857137
Ohio,2009,0.004509151140718566,0.02809769161676648,0.002740670802395211,0.337697625748503,0.09326128482709581
Ohio,2010,0.0050790824371584695,0.03808820765027323,0.0014887388306010925,0.32358318579234996,0.09205980367759568
Ohio,2011,0.014715314159390884,0.024955639593908598,0.004588510406091373,0.285363731979695,0.08240579903477147
Ohio,2012,0.013829280486876653,0.023369489501312384,0.003067899332020997,0.2781697769028869,0.07960911155577424
Ohio,2013,0.012638240598859329,0.023429307034220533,0.0023072123973384012,0.2440969372623568,0.07061792432319376
Ohio,2014,0.012015437849492147,0.02370107940904891,0.0022677167488457956,0.24891264727608417,0.07172422032086775
Ohio,2015,0.012481228720000022,0.02393494974358977,0.0022092844523076915,0.27057807076923057,0.07730088342128201
Ohio,2016,0.009760795330555556,0.025508180555555576,0.001679377569444447,0.27875854722222265,0.07892672516944456
Oklahoma,2000,0.004761760462686565,0.03735047014925373,0.0008500577126865668,0.04720959701492535,0.022542971334888053
Oklahoma,2001,0.008275887763955339,0.0343171403508772,0.001012507928229665,0.03294754704944182,0.019138270773126007
Oklahoma,2002,0.006610908234782607,0.031231484782608704,0.0010259808021739123,0.06012923260869566,0.024749401607065222
Oklahoma,2003,0.006299661000000002,0.03545998817966903,0.001055759791962174,0.04265129078014185,0.021366674937943263
Oklahoma,2004,0.00537940158712716,0.032530485086342265,0.0009249996734693868,0.0147202967032967,0.013388795762558877
Oklahoma,2005,0.008132336603406324,0.033953148418491466,0.00042342224330900176,0.015903944038929446,0.01460321282603406
Oklahoma,2006,0.007873302865900381,0.030522582375478904,0.0019101386436781611,0.11169896168582374,0.038001246392720296
Oklahoma,2007,0.007783810376811598,0.026185076086956534,0.0006634033550724633,0.2075010217391305,0.06053332788949277
Oklahoma,2008,0.006218756581661887,0.026595504297994305,0.0005979698538681949,0.15329785100286525,0.04667752043409741
Oklahoma,2009,0.006455034567164178,0.028390012793176985,0.0006696676119402989,0.21969123880597044,0.06380148844456297
Oklahoma,2010,0.0064354662104247,0.02925946332046331,0.0008067530463320456,0.2184296370656371,0.06373282991071429
Oklahoma,2011,0.006743543981755994,0.03581864994298746,0.0008525190627137972,0.22907427480045534,0.06812224694697815
Oklahoma,2012,0.006469524691228065,0.032616152046783684,0.00046384321871345086,0.17001583274853801,0.052391338176315805
Oklahoma,2013,0.006744320405817179,0.030170722991689738,0.0003538094542936286,0.17259558171745146,0.052466108642313
Oklahoma,2014,0.0060227435988023945,0.029898890718562887,0.0001751189116766467,0.15750388023952092,0.04840015836714071
Oklahoma,2015,0.007805979408988766,0.026096294382022458,0.0007056499999999999,0.24056704494382047,0.06879374218370793
Oklahoma,2016,0.008125384904109587,0.02568779452054795,0.0015044531095890412,0.27775593150684924,0.07826839101027395
Oregon,2007,0.01142532046320347,0.01761210822510822,0.0011677132813852813,0.3323618831168831,0.09064175627164502
Oregon,2008,0.010952497088414625,0.019139314024390248,0.0009783542591463405,0.33779061890243917,0.0922151960685976
Oregon,2009,0.010359543484149858,0.01925165129682998,0.001623941279538905,0.3240758270893374,0.08882774078746404
Oregon,2010,0.009054466978082192,0.01902055342465753,0.001352357643835616,0.3244434410958904,0.08846770478561644
Oregon,2011,0.009132214090062114,0.018564717391304362,0.0007565045590062108,0.33737493167701904,0.09145709192934794
Oregon,2012,0.009063791746913581,0.0211048024691358,0.0006409169629629631,0.2965692716049387,0.08184469569598776
Oregon,2013,0.009730130672672673,0.0175911111111111,0.00108920187987988,0.2911319399399401,0.07988559590090093
Oregon,2014,0.008544142850299405,0.020909377245508988,0.0008537683772455092,0.24361198203592843,0.06847981762724559
Oregon,2015,0.009187567528767123,0.01968035068493152,0.00047633792328767116,0.2756535232876714,0.07624944485616443
Pennsylvania,2000,0.01612897324736841,0.024542096594427323,0.005173892446439629,0.3038470563467498,0.08742300465874629
Pennsylvania,2001,0.015966047189247327,0.027191514285714317,0.005287022178801838,0.32261570783410215,0.0927650728719664
Pennsylvania,2002,0.014581970699910164,0.028257302785265,0.005071631211141062,0.2620480068882903,0.07748972789615162
Pennsylvania,2003,0.014058409992104504,0.02534464955967202,0.00493013657971454,0.26777633981172183,0.07802738398580322
Pennsylvania,2004,0.013624353984917056,0.02441398672699845,0.0046132143972850625,0.32810101146304627,0.0926881416430617
Pennsylvania,2005,0.013450416315512737,0.027746664037394026,0.0055119489605609095,0.21446068185801978,0.06529242779287187
Pennsylvania,2006,0.012463167226948442,0.027410277716794686,0.005020520987102089,0.2327580046652033,0.06941299264901213
Pennsylvania,2007,0.01214729011943101,0.028704053676865186,0.005195069763553395,0.23958902844873894,0.07140886050214713
Pennsylvania,2008,0.011099636312841877,0.027025495181036748,0.003998871505860895,0.18586784240687645,0.056997961351654
Pennsylvania,2009,0.01065458217888889,0.025304236111111145,0.00355566866333334,0.23609909944444457,0.06890339659944449
Pennsylvania,2010,0.010942013792490105,0.028054713932806317,0.00292842769762846,0.2697979940711454,0.07793078737351758
Pennsylvania,2011,0.011234420499091879,0.024836819469669428,0.002149882806393019,0.23362964911006204,0.06796269297130408
Pennsylvania,2012,0.011094888239270396,0.024567732117310503,0.0021962478243919914,0.22389069420600838,0.06543739059674532
Pennsylvania,2013,0.00962213146313604,0.024825906195915508,0.002109741004499823,0.1671547296642435,0.050928127081948715
Pennsylvania,2014,0.009261800767279959,0.02605895126802584,0.0022621150964694113,0.19115591844853283,0.057184696395077006
Pennsylvania,2015,0.0070058461313005456,0.027673545737398875,0.0013586189682638437,0.17394792532669573,0.05249648404091475
Pennsylvania,2016,0.007500876856287427,0.02786286227544909,0.0010675587544910169,0.09700902694610786,0.03336008120808385
Rhode Island,2011,0.005383758893939392,0.030740999999999994,0.00016423056060606064,0.18957849242424232,0.05646687046969694
Rhode Island,2012,0.006287777407843137,0.0314416431372549,0.0006683109529411762,0.2213697764705883,0.06494187699215688
Rhode Island,2013,0.007559365497175144,0.02989392372881357,0.0007076258898305085,0.22455137005649717,0.0656780712930791
Rhode Island,2014,0.007308159533519551,0.02915471508379887,0.0006311655754189944,0.23089682960893895,0.06699771745041909
Rhode Island,2015,0.007640185122222218,0.029185163888888876,0.0003439151833333334,0.23316516111111155,0.06758360632638899
Rhode Island,2016,0.007740604504132233,0.032333685950413214,0.00037955843801652886,0.23746857024793366,0.06948060478512391
South Carolina,2003,0.002355526345454545,0.03203885454545454,0.0007105059818181821,0.2621781000000001,0.07432074671818184
South Carolina,2006,0.002047973706896553,0.0335276896551724,0.0012243701982758604,0.14577327586206928,0.04564332735560352
South Carolina,2007,0.0020304343201320136,0.03238223432343236,0.0008915938118811877,0.13179856435643575,0.04177570670297033
South Carolina,2008,0.0017397764643962853,0.030829743034055734,0.0008362857368421045,0.12820434674922626,0.0404025379961301
South Carolina,2009,0.0014503615743944624,0.02897945674740486,0.0005487689757785468,0.06614210380622841,0.02428017277595157
South Carolina,2010,0.0014259290818965512,0.03257925862068966,0.0006625045517241378,0.08706840086206896,0.030434023279094828
South Carolina,2016,0.009312170689655175,0.029760551724137937,0.0002449678275862068,0.1592911724137931,0.0496522156637931
South Dakota,2011,0.006199277436619717,0.030381374647887326,0.0004462346619718313,0.19312551267605632,0.057538099855633795
South Dakota,2012,0.0062439148021978,0.031568510989011,0.0004882271593406596,0.19543034065934087,0.05843274840247258
South Dakota,2013,0.004068357503586798,0.031068743185078906,0.0004391806527977035,0.1658091951219508,0.05034636911585355
South Dakota,2014,0.005043101250704224,0.03115134366197183,0.0007155367239436631,0.18905318591549314,0.05649079188802821
South Dakota,2015,0.004731084420195439,0.02409612377850164,0.0003760368338762215,0.19555954071661258,0.05619069643729647
Tennessee,2002,0.003085692408219179,0.03387180273972602,0.0012324969424657537,1.0,0.25954749802260274
Tennessee,2003,0.0048213964215686285,0.03420176470588236,0.0013126243431372552,1.0,0.26008394636764703
Tennessee,2008,0.0012534174886363642,0.03505622727272728,0.0013699041136363646,0.20315885227272712,0.060209600286931786
Tennessee,2009,0.0007605121170886072,0.03865249050632908,0.0007049498512658239,0.1634992784810132,0.05090430773892418
Tennessee,2010,0.0008958425559566788,0.044341989169675106,0.0008937700216606503,0.18109376173285238,0.05680634087003621
Tennessee,2015,0.0007760824372294373,0.03753715151515151,0.00011219777489177482,0.16921808225108242,0.05191087849458879
Tennessee,2016,0.0010110646624999998,0.03798676249999998,0.0001466488375,0.18971108749999982,0.05721389087499995
Texas,2000,0.016331338863681575,0.0245995054726368,0.002767253913432837,0.43753772636815935,0.12030895615447765
Texas,2001,0.016242414435620675,0.02596835080956052,0.0017383213130300653,0.38709685813415556,0.10776148617309171
Texas,2002,0.016093334541832663,0.028806737051792822,0.00036815520816733114,0.34259275796812755,0.09696524619248009
Texas,2003,0.015608571103953136,0.027007489019033642,0.002041328666910687,0.46156665739385,0.12655601154593688
Texas,2004,0.013784524631919487,0.02474300071890728,0.0020182182429906528,0.3454496959022291,0.09649885987401163
Texas,2005,0.01388057838142859,0.027119742857142845,0.0022783282450000012,0.3162393964285711,0.08987951147803563
Texas,2006,0.013522155371625875,0.025676873822975538,0.0018537196490897685,0.26375606214689257,0.07620220274764594
Texas,2007,0.013107004495880523,0.02428304119464471,0.0012555764464469606,0.23037959320288426,0.06725630383496412
Texas,2008,0.010635034155241955,0.024719014516129033,0.0007798353479838707,0.22450463669355097,0.06515963017822646
Texas,2009,0.008666133881447612,0.02397952787021631,0.0006749382853577378,0.20072945008319587,0.05851251253005438
Texas,2010,0.010824031576264442,0.025231904420549546,0.0008400010286738361,0.2283163373158132,0.06630306858532525
Texas,2011,0.010374280488434173,0.027578572064056905,0.0006443902780249105,0.19872474421708478,0.05933049676190019
Texas,2012,0.010320078706252619,0.02716169450272761,0.0005760918342425506,0.18334896726815192,0.055351708077843675
Texas,2013,0.009574435186253562,0.026477662393162404,0.000393734866452991,0.1758161819800593,0.053065503606482066
Texas,2014,0.00953478278160061,0.02528596260284216,0.000330786782348541,0.17875492183994302,0.05347661350168358
Texas,2015,0.009243657782657668,0.02486637499999999,0.00026140421340090103,0.20739574380630946,0.06044179520059201
Texas,2016,0.010357078990476186,0.026514834285714273,0.00033129319428571434,0.22686622285714192,0.06601735733190453
Utah,2011,0.018201917795013837,0.027011418282548477,0.0009853244681440451,0.34716157340720255,0.09834005848822723
Utah,2012,0.008553960392510392,0.03699409153952844,0.00022730747572815522,0.3786068904299581,0.10609556245943128
Utah,2013,0.012847583547283704,0.03455843460764589,0.0002865744989939638,0.3324226036217305,0.09502879906891351
Utah,2014,0.014296005786624199,0.02741368152866241,0.0004986643949044588,0.3305432261146499,0.09318789445621024
Utah,2015,0.016981692980237162,0.027733814229249008,0.0002597817826086955,0.3614725019762847,0.1016119477420949
Utah,2016,0.03151587314285715,0.013307619047619047,0.0006755951904761902,0.5139744761904763,0.1398683908928572
Virginia,2000,0.017918191351372563,0.022603696470588228,0.009071009739607854,0.6476056501960789,0.17429963693941186
Virginia,2006,0.013028934065735416,0.025571936729663087,0.003944900282662284,0.47279939605587495,0.12883629178348394
Virginia,2007,0.011786961742120343,0.029769137535816653,0.0038382402368672365,0.43842051480420213,0.12095371357975158
Virginia,2008,0.009991106724245585,0.026879627471383984,0.0029980319001040533,0.34973154942767976,0.09740007888085335
Virginia,2009,0.01193886651657941,0.026451439790575917,0.0026694116736474685,0.32392703490401403,0.09124668822120421
Virginia,2010,0.010016854248538017,0.03472690058479533,0.0014960287602339174,0.11864744444444458,0.04122180700950296
Virginia,2011,0.007925899977813018,0.033163537242472285,0.0006229260681458001,0.2898608811410465,0.0828933111073694
Virginia,2012,0.007994418603857559,0.03105734272997031,0.0005840523501483675,0.25130512017804196,0.07273523346550455
Virginia,2013,0.007044391261904757,0.0274401590909091,0.000551460248917749,0.2666343354978356,0.0754175865248918
Virginia,2014,0.005253935297297299,0.029965174880763088,0.0005976054737678854,0.26105855007949164,0.07421881643282997
Virginia,2015,0.005442842525839797,0.02929027519379848,0.00040169584754521926,0.2681478927648588,0.07582067658301057
Virginia,2016,0.010320662866666663,0.02290789999999999,0.0005666699333333333,0.29159725,0.0813481207
Washington,2013,0.01161141975675676,0.015162108108108108,0.0010794164324324322,0.1799549189189189,0.05195196580405405
Washington,2014,0.008862686761904761,0.029978190476190478,0.0002763677619047619,0.21031742857142863,0.062358668392857156
Washington,2015,0.009672584833333334,0.021468494047619052,0.0008278680059523812,0.20467331547619055,0.05916056559077383
Washington,2016,0.014999242400000003,0.01543646666666667,0.0002026328,0.28037053333333334,0.07775221880000001
Wisconsin,2006,0.014765243103448272,0.023081554597701146,0.0026308263448275877,0.35354433620689557,0.09850549006321814
Wisconsin,2007,0.017253054774193546,0.01514241935483871,0.00249779470967742,0.3142473225806452,0.08728514785483872
Wyoming,2007,0.0017338185817174514,0.040416204986149604,0.0010369632991689749,0.16783696398891979,0.052755987713988955
Wyoming,2008,0.002270178382636657,0.039817488745980754,0.0005582838617363345,0.06627110932475888,0.027229265078778157
Wyoming,2011,0.004170533639198218,0.03788548775055679,0.0001758178886414255,0.1204960868596882,0.040681981534521156
Wyoming,2012,0.0039003479291666687,0.037049962500000005,0.00028201543472222197,0.2113057111111109,0.06313450924374994
Wyoming,2013,0.004132634134078214,0.03928701117318436,0.0002174807960893855,0.0507805391061452,0.023604416302374292
Wyoming,2014,0.0029950079447004594,0.03729444930875577,0.00022611908064516063,0.026254728110599052,0.01669257611117511
Wyoming,2015,0.0030428407732342004,0.03660769516728621,0.000252237031598513,0.04714694423791822,0.021762429302509288
Wyoming,2016,0.0034255643888888914,0.0391485111111111,-3.631313333333332e-05,0.09529563333333323,0.03445834892499997
